project_key,bucket_key,bucket_name,bucket_seq,project_name,type,status,flag,headline,predecessors,successors,budget,budget_established,authorization,fee_basis,apas_role,budget_note,parties,regulatory_driver,scope,deliverables
STM-01,STM,Stormwater Management,01,Stormwater Management Plan,Planning · Engineering,First deliverable,FIRST DELIVERABLE,"Write the plan first. It defines the design basis, the level of service, and every project that follows.",,STM-02,TBD,no,Proposal to be issued,Lump sum — fixed fee proposal,APAS self-performed,Fixed-fee professional services. Issue A and Issue B proposed separately so the owner authorises the framework without committing to the final document before the scope of investigation is known.,APAS · Engineer of Record,NPDES MS4 · Miami-Dade Chapter 24 · SFWMD Environmental Resource Permit · Consent Order close-out,"Issue A — Framework and roadmap. Establish the design basis, the regulatory framework, and the adopted level of service the property will be held to for each design storm. | Define the stormwater system as currently understood, and state explicitly and in writing what is not known. | Define the investigation program required to close each gap, and set the sequence and dependencies between the projects that follow. | Establish the asset identification convention so every structure and pipe carries a permanent identifier from the first day of field work. | Define the performance criteria against which the finished system will be judged. | Issue B — Final governing plan. Incorporate the investigation, survey, geotechnical, modelling and design results as they arrive. | Consolidate the complete record set: drawings, calculations, permits, test data and certifications, into one governing document. | Document the implementation sequence actually executed and the as-built configuration of the system. | Publish and maintain the plan in ProjOS as the live reference for the stormwater system.","Stormwater Management Plan — Issue A: framework, design basis, level of service, investigation roadmap | Project sequence and dependency map | Asset identification convention | Performance criteria | Stormwater Management Plan — Issue B: final governing document with the complete record set | Live plan published in ProjOS"
STM-02,STM,Stormwater Management,01,Stormwater Records & File Review,Investigation,Not started,,Determine what documentation of the stormwater system actually exists before spending a dollar in the field.,STM-01,STM-03,TBD,no,Proposal to be issued,Lump sum — fixed fee proposal,APAS self-performed,Fixed-fee professional services. Agency records request and reproduction fees passed through at cost.,APAS,NPDES MS4 · Miami-Dade Chapter 24 · SFWMD Environmental Resource Permit history,"Search and retrieve records from the City of Opa-Locka, Miami-Dade DERM, Miami-Dade RER, the Water Control District, SFWMD and the building department. | Pursue original developer, architect and engineer files, plats, easements, drainage permits and prior modification permits. | Review historical aerials and Sanborn maps to identify the original drainage configuration and any later alterations. | Specifically pursue any record of the second retention area — its location, permitted volume and whether it was ever built. | Produce a records inventory and, more importantly, a gap register: what we have, what we do not have, and what each gap costs to close in the field.",Records inventory with source and reliability rating on every document | Gap register mapped to the field projects required to close each gap | Recommendation memo: documentation-led path or field-led path | Findings written into the Stormwater Management Plan
STM-03,STM,Stormwater Management,01,CCTV Inspection of the Underground Stormwater System,Investigation,Not started,,"Send a camera through every pipe, catch basin to catch basin, and find out what is actually down there.",STM-02,STM-04,TBD,no,Proposal to be issued,Subcontracted at cost plus 10% overhead and 10% profit; APAS administers,APAS-managed · specialty subcontract,Specialty subcontract procured and administered by APAS. Heavily obstructed or collapsed reaches requiring point excavation to access are handled as a separate authorised item.,APAS · CCTV specialty contractor,NPDES MS4 illicit discharge detection · Miami-Dade Chapter 24 · Consent Order corrective actions,"Locate, open and inventory every drainage structure on the property; apply the permanent numbering convention set in the Stormwater Management Plan. | Clean and jet lines as required to obtain a usable inspection. | CCTV every reach, catch basin to catch basin, with continuous video and distance-referenced logging. | Record for every reach: pipe diameter, material, joint type, slope indication, and whether the pipe is perforated or solid. | Grade structural and operational condition to NASSCO PACP standard — cracking, deformation, offset joints, root intrusion, sediment depth, and full or partial collapse. | Flag illicit connections and any discharge that does not belong in a stormwater line. | Deliver a condition-ranked defect register that drives the repair and rehabilitation priority list. | Hand the pipe network geometry directly to the survey team so the survey is verifying a known network rather than discovering one.","Complete structure and pipe inventory with permanent IDs | Full CCTV video library, indexed and reach-referenced | NASSCO PACP condition report with defect coding | Condition-ranked defect and rehabilitation priority register | Network geometry file issued to survey"
STM-04,STM,Stormwater Management,01,Topographic & Underground Utility Survey,Survey,Not started,,"Produce a signed and sealed survey of the site surface and the drainage network, informed by what the camera found.",STM-03,STM-05|STM-06|STM-10,TBD,no,Proposal to be issued,Subcontracted at cost plus 10% overhead and 10% profit; APAS administers,APAS-managed · specialty subcontract,"Licensed survey subcontract procured and administered by APAS, including control establishment and NAVD 88 tie.",APAS · Professional Surveyor & Mapper,Miami-Dade Chapter 24 · SFWMD ERP submittal requirements · FEMA floodplain reference,"Topographic survey of the full site: finished floor elevations of every building, roadway and parking crowns and gutters, swales, curbs and site boundaries. | Locate and elevate every drainage structure identified in the CCTV inventory — rim and invert on every pipe entering and leaving. | Tie the survey to NAVD 88 and to the Miami-Dade County control network. | Reconcile the surveyed network against the CCTV inventory and resolve every discrepancy before sealing. | Deliver signed and sealed drawings plus editable CAD, and a survey-grade base map that becomes the single geometric basis for all subsequent stormwater design.",Signed and sealed topographic and utility survey | Editable CAD (DWG/DXF) base map | Rim and invert schedule for every structure | Reconciliation memo against the CCTV inventory
STM-05,STM,Stormwater Management,01,Geotechnical Investigation & Permeability Testing,Investigation,Not started,,"Measure how fast this soil actually absorbs water, so the hydraulic model is built on site data rather than assumption.",STM-04,STM-10,TBD,no,Proposal to be issued,Subcontracted at cost plus 10% overhead and 10% profit; APAS administers,APAS-managed · specialty subcontract,Geotechnical subcontract procured and administered by APAS. Number of test locations set in the proposal; additional locations priced per unit.,APAS · Geotechnical engineer,Miami-Dade Chapter 24 exfiltration trench design criteria · SFWMD ERP,"Select boring and test locations using the survey and CCTV results, targeting proposed exfiltration and retention areas. | Advance soil borings with continuous sampling and classification. | Perform in-situ permeability testing using the Miami-Dade accepted method to establish the hydraulic conductivity value. | Establish the seasonal high water table elevation at each location. | Deliver a geotechnical report with design-ready parameters, signed and sealed.",Signed and sealed geotechnical report | Hydraulic conductivity values by location | Seasonal high water table elevations | Design parameter summary issued to the modelling team
STM-06,STM,Stormwater Management,01,Retention Pond Survey,Survey,Not started,,"Establish the pond's real shape, depth and current storage volume — above and below the waterline.",STM-04,STM-07|STM-08|STM-10,TBD,no,Proposal to be issued,Subcontracted at cost plus 10% overhead and 10% profit; APAS administers,APAS-managed · specialty subcontract,"Survey subcontract procured and administered by APAS, including boat or float-based bathymetric collection.",APAS · Professional Surveyor & Mapper,SFWMD ERP permitted storage volume · Miami-Dade Chapter 24,"Topographic survey of the pond banks, top of bank, side slopes and control structure. | Bathymetric survey of the pond bottom on a defined grid, capturing the sediment surface. | Probe to establish the depth of accumulated sediment and the original design bottom where recoverable. | Survey and document the outfall control structure, including weir elevations and orifice dimensions. | Compute the current stage-storage relationship and compare it against the permitted design storage.",Pond topographic and bathymetric survey | Sediment thickness map | Current versus permitted stage-storage curve | Control structure documentation
STM-07,STM,Stormwater Management,01,Digital Terrain Model & Dredge Volume Determination,Analysis,Not started,,Turn the pond survey into a three-dimensional model and compute exactly how much material has to come out.,STM-06,STM-09,TBD,no,Proposal to be issued,Lump sum — fixed fee proposal,APAS self-performed,Fixed-fee professional services — analysis and drawing production from existing survey data.,APAS,SFWMD ERP storage restoration · construction quantity basis,"Build a digital terrain model of the existing sediment surface and of the target design bottom. | Compute cut volumes between the two surfaces, with contingency banding. | Produce dredge limit drawings and target elevation contours for the contractor. | Establish the measurement and verification method for confirming completion and final quantities. | Model the post-dredge stage-storage curve to confirm the storage volume recovered.",Digital terrain model (existing and design surfaces) | Computed dredge volume with contingency band | Dredge limit and target elevation drawings | Measurement and verification protocol | Post-dredge stage-storage curve
STM-08,STM,Stormwater Management,01,"Dredged Material Characterization, Profiling & Disposal",Environmental · Construction,Not started,,"Sample and profile the sediment before it moves, so it goes to a facility that will legally accept it.",STM-06,STM-09,TBD,no,Proposal to be issued,Lump sum professional services + subcontracted work at cost plus 10% overhead and 10% profit,Hybrid — APAS professional services + subcontract,"APAS professional services on a fixed fee; laboratory, hauling and disposal procured and administered by APAS. Disposal cost is governed by the characterization result — which is precisely why it is determined early and cheaply.",APAS · Environmental consultant · Licensed hauler,Miami-Dade DERM · FDEP solid waste rules · Chapter 62-701 F.A.C.,"Develop a sampling and analysis plan appropriate to the pond and the surrounding land uses. | Collect representative sediment samples across the pond footprint and at depth. | Laboratory analysis for the contaminants of concern indicated by the adjacent land uses, including metals and petroleum constituents. | Prepare the waste profile and obtain written acceptance from the receiving facility before dredging begins. | Determine the disposal pathway and confirm hauling, manifesting and chain of custody requirements. | Manage transport and disposal during dredging, with full manifest documentation retained for the compliance record.",Sampling and analysis plan | Laboratory analytical results | Approved waste profile and written facility acceptance | Disposal pathway determination memo | Complete manifest and chain of custody file
STM-09,STM,Stormwater Management,01,Retention Pond Dredging,Construction,Not started,,Remove the accumulated sediment and restore the pond to its design storage volume.,STM-07|STM-08,,TBD,no,Proposal to be issued,Subcontracted at cost plus 10% overhead and 10% profit; APAS administers,APAS-managed · specialty subcontract,Construction subcontract procured and administered by APAS against the measured quantity from STM-07. Disposal handled under STM-08.,APAS · Dredging contractor,SFWMD ERP · Miami-Dade DERM dewatering and turbidity permits · Consent Order,"Procure and contract the dredging work against the computed volume and dredge limit drawings. | Mobilise, install turbidity and erosion controls, and establish the dewatering and staging area. | Dredge to the design bottom elevation within the defined limits. | Dewater the removed material to a transportable moisture content. | Restore banks and side slopes; stabilise and re-vegetate disturbed areas, including the littoral zone. | Post-dredge verification survey confirming target elevations and the storage volume recovered.",Executed dredging contract against measured quantities | Turbidity monitoring records | Post-dredge verification survey | Storage volume recovery certification | Bank restoration and stabilisation completion
STM-10,STM,Stormwater Management,01,Comprehensive Hydrologic & Hydraulic Model,Analysis,Not started,,"Model the whole property against the 5-year, 25-year and 100-year storms and find out where the water goes.",STM-04|STM-05|STM-06,STM-11|STM-12|STM-13|STM-14,TBD,no,Proposal to be issued,Lump sum — fixed fee proposal,APAS self-performed,"Fixed-fee professional services — model build, calibration, three-storm analysis and scenario testing.",APAS · Engineer of Record,Miami-Dade Chapter 24 · SFWMD ERP · FEMA · NPDES MS4 · Consent Order,"Build the model from the survey base map, the CCTV network geometry, the geotechnical permeability values and the pond stage-storage curve. | Calibrate against observed flooding history on the property where records or resident reports exist. | Run the 5-year, 25-year and 100-year design storms for the applicable durations. | Evaluate two protection criteria explicitly and separately: finished floor elevation protection for every building, and roadway passability for emergency access. | Identify every deficiency — undersized pipes, insufficient storage, inadequate pumping, low points and overland flow paths. | Test improvement scenarios and quantify the flood-risk reduction each one buys. | Determine whether the pond and pipe network alone can meet the required level of service, or whether supplemental features are needed. | Write the results into the Stormwater Management Plan as the governing design basis.",Calibrated hydrologic and hydraulic model | Flood maps and inundation depths for each return period | Finished floor and roadway risk assessment by building and by street | Deficiency register with hydraulic cause identified | Improvement scenario comparison with risk reduction quantified | Determination on the need for supplemental features
STM-11,STM,Stormwater Management,01,"Stormwater Lift Station — Adequacy Assessment, Siting & Design",Design,Not started,,"Determine whether the pumping capacity serving the pond is adequate, whether it is in the right place, and design what it should be.",STM-10,,TBD,no,Proposal to be issued,Lump sum — fixed fee proposal,APAS self-performed,"Fixed-fee professional services — assessment, siting and design. Construction proposed separately once the design is set.",APAS · Engineer of Record,SFWMD ERP · Miami-Dade Chapter 24 · flood protection level of service,"Assess the existing lift station: condition, capacity, controls, power supply and reliability. | Evaluate its location relative to the retention pond and to the modelled inflow points. | Determine required firm capacity against the modelled design storms. | Evaluate siting alternatives where relocation is indicated. | Produce design drawings and specifications for the selected configuration, including wet well, pumps, controls, standby power and telemetry. | Establish the permitting pathway and prepare permit-ready documents.",Adequacy and condition assessment report | Siting alternatives evaluation with recommendation | Signed and sealed design drawings and specifications | Permit-ready submittal package
STM-12,STM,Stormwater Management,01,Retention Pond Design & Reconfiguration,Design,Not started,,"Design the pond to the storage volume the model requires, not the volume it happens to have.",STM-10,,TBD,no,Proposal to be issued,Lump sum — fixed fee proposal,APAS self-performed,Fixed-fee professional services — design and permitting. Construction proposed separately once quantities are set.,APAS · Engineer of Record,SFWMD ERP · Miami-Dade Chapter 24 allowable discharge rate,"Design the pond to the target storage volume and stage-storage relationship established by the hydraulic model. | Design side slopes, safety shelf, littoral zone and maintenance access. | Design the outfall control structure — weir, orifice and discharge rate — to the permitted allowable discharge. | Integrate with the lift station design and confirm combined performance. | Prepare permit-ready drawings, calculations and specifications.",Signed and sealed pond design drawings | Stage-storage-discharge calculations | Control structure design | Permit submittal package
STM-13,STM,Stormwater Management,01,"Site Regrading & Recontouring — Design, Permit & Construct",Design · Permit · Construct,Not started,,Reshape the ground so that water goes where the model says it should go.,STM-10,STM-15,TBD,no,Proposal to be issued,Lump sum professional services + subcontracted work at cost plus 10% overhead and 10% profit,Hybrid — APAS professional services + subcontract,"Design and permitting on a fixed fee; construction procured and administered by APAS. Scope is entirely determined by the model, so the construction proposal follows STM-10.",APAS · Engineer of Record · General contractor,Miami-Dade Chapter 24 · SFWMD ERP · City of Opa-Locka · Consent Order · FEMA,"Design regrading and recontouring to achieve the drainage patterns and hydraulic capacity established by the model. | Set finished floor protection and roadway crown elevations to the adopted level of service. | Design conveyance improvements — swales, inlets, pipe upsizing — where the model identifies capacity deficiency. | Permit through Miami-Dade DERM, SFWMD and the City of Opa-Locka. | Phase construction to maintain resident access, parking and emergency vehicle circulation throughout. | Construct, with survey verification of finished grades against design. | Restore paving, landscaping and site features.",Signed and sealed grading and drainage drawings | Approved permits | Phased construction plan with resident access maintained | Constructed improvements with as-built survey verification | Record drawings issued into the Stormwater Management Plan
STM-14,STM,Stormwater Management,01,Supplemental Stormwater Features — Exfiltration Trench & the Second Retention Area,Investigation · Design · Construct,Conditional,,"If the model says the pond and pipes are not enough, add capacity — and finally settle the question of the second retention area.",STM-10,,TBD,no,Proposal to be issued,Lump sum professional services + subcontracted work at cost plus 10% overhead and 10% profit,Hybrid — APAS professional services + subcontract,Conditional — proposed only if the model identifies a residual storage deficit. Investigation and design on a fixed fee; construction procured and administered by APAS.,APAS · Engineer of Record · Contractor,Miami-Dade Chapter 24 exfiltration criteria · SFWMD ERP,"Locate and confirm the second retention area through records, historical aerials, geophysical survey and field investigation. | If found: assess its condition, permitted status and residual storage capacity, and determine whether restoration is viable and cost-effective. | If not found: document the investigation and formally close the question so it stops appearing as an open assumption in every future analysis. | Design an exfiltration trench system sized to the residual storage deficit, using the measured hydraulic conductivity from the geotechnical work. | Compare the two options on capacity delivered, cost, permitability and long-term maintenance burden. | Permit and construct the selected option.","Second retention area investigation report — located and assessed, or formally closed out | Exfiltration trench design and calculations | Options comparison with recommendation | Permits and constructed improvements"
STM-15,STM,Stormwater Management,01,Stormwater Operations Plan,Operations · Documentation,Not started,,Turn the plan into a running operation — the same way the sewer extension was operationalized.,STM-13,,TBD,no,Proposal to be issued,Lump sum — fixed fee proposal,APAS self-performed,"Fixed-fee professional services — plan development, ProjOS configuration and staff handover.",APAS,NPDES MS4 operations and maintenance · Consent Order · Miami-Dade Chapter 24,"Define routine inspection and maintenance procedures for every asset class — catch basins, pipes, pond, control structure, lift station and any supplemental features. | Set inspection frequencies, cleaning cycles and sediment removal triggers, so storage loss is caught early rather than rediscovered in a decade. | Establish pre-storm readiness and post-storm response procedures. | Define the regulatory reporting calendar and the responsible party for each submittal. | Establish record-keeping, evidence retention and the annual system condition review. | Define performance monitoring, alarm thresholds and escalation paths. | Build the operating record into ProjOS with scheduled tasks, evidence capture and automatic compliance reporting.",Stormwater Operations Plan | Inspection and maintenance schedule by asset class | Pre-storm and post-storm response procedures | Regulatory reporting calendar with named responsibility | ProjOS operating record with scheduled tasks and evidence capture | Staff training and handover
SWR-01,SWR,Sewer Extension,02,Conveyance & Close-Out to the City of Opa-Locka,Administrative / Engineering Coordination,In progress,,"Transfer the completed sewer extension to the City so it becomes the City's asset to own, operate and maintain.",,SWR-02,TBD,no,Proposal to be issued,Lump sum — fixed fee proposal,APAS self-performed,"Fixed-fee professional services for coordination and package assembly. Excludes the Utilities Performance Security, the final-obligations cash bond, and City review fees, all of which sit with the owner.",APAS (lead) · Engineer of Record · Surveyor · Contractors · Owner's counsel,City of Opa-Locka Utilities Conveyance Checklist · Miami-Dade DERM · FDEP General Permit · Prime Contract PC-01,"Run the City of Opa-Locka Utilities Conveyance Checklist to completion, item by item, with a named owner and a date against every line. | Coordinate the Engineer of Record deliverables: signed and sealed record drawings, infiltration and exfiltration certification, Engineer's Final Payment Confirmation, FDEP sewer certification, General Permit and In-Service Letter, latitude and longitude detail sheet, and the record-drawing disk. | Coordinate the surveyor's signed and sealed as-built survey (PDF plus editable CAD) and reconcile it against the record drawings. | Coordinate the contractor's CCTV video of the constructed gravity sewer, the Sewer Report and the Master Utility Sheet, plus field completion and restoration for the City's preliminary inspection. | Close the contractor package: punch list completion, final lien waivers, material certifications, test results, permit close-outs, and asphalt and sod final quantities. | Execute and file the three twelve-month warranties by building group — Building 3 South with Building 4; Building 5 with Building 6; and Building 3 North. | Support owner's counsel on the legal and security items: Attorney's and Owner's Affidavits, Warranty Deed and Bill of Sale, UCC subordination, and the Utilities Performance Security. | Assemble, transmit and track the acceptance package through City review to written acceptance.",Completed Utilities Conveyance Checklist with evidence attached to every line | Transmittal package to the City of Opa-Locka | Executed warranty set (three building groups) | Written City acceptance and asset transfer confirmation | Retainage release documentation per the contract schedule
SWR-02,SWR,Sewer Extension,02,Master Effluent Flow Meter at the Property Discharge Point,Design · Permit · Construct,Not started,,"Install a permanent flow meter where wastewater leaves the property, so total discharge to the City pump station is a measured fact.",SWR-01,,TBD,no,Proposal to be issued,Lump sum professional services + subcontracted work at cost plus 10% overhead and 10% profit,Hybrid — APAS professional services + subcontract,"Design, permitting and commissioning on a fixed fee; structure, meter, telemetry and installation procured and administered by APAS.",APAS · Engineer of Record · Contractor · City of Opa-Locka,City of Opa-Locka wastewater discharge accounting · DERM · FDEP · I&I reduction,"Confirm the single point of discharge from the property to the City's collection system and verify there is no secondary or bypass connection. | Design a permanent metering structure — vault or dedicated manhole — sized and located for safe, permanent access and for accurate hydraulic conditions. | Select and specify the metering technology appropriate to the flow regime, with redundancy on the primary reading. | Design telemetry and continuous data logging so the record is automatic, timestamped and retrievable, not a monthly clipboard reading. | Permit through the City of Opa-Locka and Miami-Dade DERM as required. | Construct, commission and field-calibrate; establish the certified accuracy baseline. | Run a baseline infiltration and inflow study using the new meter — diurnal flow curves and wet-weather response — to quantify how much of what we discharge is groundwater and rainwater rather than sanitary flow. | Integrate the meter data feed into ProjOS for continuous monitoring and exception alerting.",Signed and sealed design drawings and specifications | Approved permits | Constructed and commissioned metering station | Calibration certificate and accuracy baseline | Baseline I&I report with wet-weather response curves | Live data feed into ProjOS
WTR-01,WTR,Water Systems,03,Water & Sewer Records and File Assessment,Investigation,Scope approved,SCOPE APPROVED,Review every available file to establish what is documented about the water and sewer systems on this property.,,WTR-02|WTR-06,"$3,000 — Lump Sum",yes,Scope approved — proposal to follow,Lump sum — fixed fee proposal,APAS self-performed,"Lump sum, scope approved. Covers the expanded all-utilities review. Agency records request and reproduction fees passed through at cost.",APAS,Miami-Dade WASD · Chapter 24 · City of Opa-Locka utility records,"Search and retrieve from the City of Opa-Locka, Miami-Dade Water and Sewer Department, DERM, RER and the building department. | Pursue original developer, architect and engineer record sets, plats, easements and utility agreements. | Retrieve permit history: water main extensions, service connections, meter installations and backflow device records. | Review historical aerials and prior construction documents for evidence of utility modifications over time. | Assess each document for reliability — sealed as-built, permit set, sketch or hearsay — and rate it accordingly. | Produce a records inventory and a gap register identifying exactly what remains unknown.",Records inventory with source and reliability rating | Gap register: what is documented and what is not | Recommendation memo on the field verification path
WTR-02,WTR,Water Systems,03,Water Distribution Field Verification & As-Built Development,Survey · Investigation,Not started,,"Establish where the water pipes actually are — from the records if they hold up, from the field if they do not.",WTR-01,WTR-03|WTR-04|WTR-05,TBD,no,Proposal to be issued,Lump sum professional services + subcontracted work at cost plus 10% overhead and 10% profit,Hybrid — APAS professional services + subcontract,Proposed against whichever path the file assessment establishes. APAS professional services on a fixed fee; survey and locating procured and administered by APAS.,APAS · Surveyor · Subsurface utility locating contractor,Miami-Dade Chapter 24 · WASD standards · Sunshine 811 · construction risk mitigation,"Path A — records adequate: field-verify at control points, reconcile against the documentation, and produce an as-built from the record set. | Path B — records inadequate: full field verification survey using electromagnetic pipe locating and ground-penetrating radar across the site. | Survey and elevate all surface appurtenances: valves, hydrants, meters, backflow devices and service points. | Pothole at critical locations and at points of future work to confirm horizontal position, depth, diameter and material. | Reconcile all field data against whatever records exist and resolve every conflict. | Produce a signed and sealed water system as-built in PDF and editable CAD. | Identify unknown, abandoned or unmapped lines and flag them for follow-up.","Signed and sealed water distribution as-built | Editable CAD (DWG/DXF) | Valve, hydrant, meter and appurtenance schedule | Potholing records with depth, diameter and material confirmed | Register of unknown or abandoned lines"
WTR-03,WTR,Water Systems,03,"Water Meter Box Program — Design, Permit & Construct",Design · Permit · Construct,Not started,,"Design, permit and build the meter boxes; the City of Opa-Locka installs its meters into them.",WTR-02,,TBD,no,Proposal to be issued,Lump sum professional services + subcontracted work at cost plus 10% overhead and 10% profit,Hybrid — APAS professional services + subcontract,Design and permitting on a fixed fee; construction procured and administered by APAS against the meter count established in WTR-02. Excludes City meters and City fees.,APAS · Engineer of Record · Contractor · City of Opa-Locka,City of Opa-Locka · Miami-Dade WASD standards · Chapter 24,"Determine meter count, sizing and locations from the as-built and from the service configuration. | Design meter box installations to City of Opa-Locka and Miami-Dade WASD standards, including box, setting, service piping and appurtenances. | Locate boxes for permanent access, safe reading and protection from vehicle traffic. | Permit through the City of Opa-Locka and WASD. | Construct with resident water service maintained; phase and notice all interruptions. | Coordinate City meter installation: schedule, inspect, witness and document. | Verify and document every installation, and record final meter numbers against service addresses.",Meter schedule with sizing and locations | Signed and sealed design drawings | Approved permits | Constructed and inspected meter boxes | City meter installation coordination and completion record | Meter number to service address register
WTR-04,WTR,Water Systems,03,"Backflow Prevention Program — Design, Permit & Install",Design · Permit · Construct,Not started,,Install backflow prevention at every required connection and enrol the devices in certified annual testing.,WTR-02,,TBD,no,Proposal to be issued,Lump sum professional services + subcontracted work at cost plus 10% overhead and 10% profit,Hybrid — APAS professional services + subcontract,"Design and permitting on a fixed fee; devices, installation and initial certification procured and administered by APAS. Annual testing thereafter carried under ongoing compliance services.",APAS · Engineer of Record · Contractor · Certified backflow tester,Miami-Dade Chapter 24 cross-connection control · City of Opa-Locka · F.A.C. 62-555 · Safe Drinking Water Act,"Survey all connections and determine the required device type and hazard classification at each. | Design installations to City of Opa-Locka and WASD standards, with permanent access and traffic protection. | Permit through the City and WASD. | Procure, install, and commission all devices. | Perform initial certification testing by a certified tester and file the results with the City. | Enrol every device in the annual testing and certification program, with the schedule and evidence capture built into ProjOS. | Build the device register: location, type, serial number, installation date and test history.",Cross-connection hazard survey and device schedule | Signed and sealed design drawings and permits | Installed and commissioned devices | Initial certification test reports filed with the City | Device register with full test history in ProjOS | Annual testing program with scheduled reminders
WTR-05,WTR,Water Systems,03,"Irrigation Well — Permit, Drill & Commission",Design · Permit · Construct,Not started,,"Put in an irrigation well to serve the common areas, and take that demand off the potable system.",WTR-02,,TBD,no,Proposal to be issued,Lump sum professional services + subcontracted work at cost plus 10% overhead and 10% profit,Hybrid — APAS professional services + subcontract,"Siting, permitting and construction management on a fixed fee; drilling, pump, controls and distribution procured and administered by APAS.",APAS · Hydrogeologist · Licensed well contractor,Miami-Dade DERM well permit · SFWMD water use permit · Chapter 24 cross-connection control,"Hydrogeologic siting: aquifer selection, expected yield, water quality and required setbacks from sanitary and environmental features. | Coordinate siting explicitly with the environmental monitoring well program so the two do not conflict. | Permit through Miami-Dade DERM and SFWMD, including water use authorisation. | Drill, develop and test the well; confirm yield and water quality. | Install pump, controls, and above-ground equipment with backflow protection. | Design and construct the irrigation distribution to the common areas, with zoning and controller. | Commission, test and hand over with an operations and maintenance manual.","Hydrogeologic siting report | DERM and SFWMD permits | Completed well with yield and water quality test results | Pump, controls and distribution system installed and commissioned | Operations and maintenance manual | Potable demand reduction baseline"
WTR-06,WTR,Water Systems,03,Non-Revenue Water Assessment & Water Balance,Analysis · Operations,For discussion,FOR DISCUSSION,Find out how much of the water this property buys never reaches a bill — and how much of that is recoverable.,WTR-01,,TBD,no,For discussion before anything is scoped,Lump sum — fixed fee proposal,APAS self-performed,Not yet scoped. APAS would like to discuss the objective and the audit period with the owner before proposing anything. A preliminary balance can be built from existing billing records; resolution improves substantially once WTR-03 metering is in and WTR-05 has taken irrigation off the potable system.,APAS,Owner operating cost · AWWA M36 · City of Opa-Locka billing reconciliation · water conservation,"Establish the system input volume from the City's master metering and billing history, and verify the accuracy of the meter producing that number. | Assemble billed consumption from the meter records and reconcile it against the input volume over a defined audit period. | Build the water balance to the AWWA M36 standard, separating unbilled authorized consumption from apparent losses and real losses. | Quantify apparent losses: meter under-registration by age and size, data handling and billing gaps, and any unauthorized or unrecorded connections. | Quantify real losses and compute the Infrastructure Leakage Index, so the result can be compared against the technical minimum for a system of this size rather than against a generic benchmark. | Run a minimum night flow analysis using continuous logging, since night-time residual flow is the most direct available indicator of leakage. | Evaluate whether dividing the site into district metered areas would be worthwhile, so future losses can be localised to a block rather than to the property as a whole. | Quantify the annual dollar value of the loss at the City's current rate, and rank the recovery measures by cost against recoverable volume. | Establish an ongoing tracking method in ProjOS so the figure is monitored continuously rather than rediscovered every few years.","AWWA M36 water balance for the audit period | Non-revenue water volume and percentage, with the dollar value at current rates | Apparent versus real loss split with the basis for each | Infrastructure Leakage Index | Minimum night flow analysis | Ranked loss-recovery recommendations with cost against recoverable volume | Ongoing non-revenue water tracking in ProjOS"
ENV-01,ENV,Environmental Services & Regulatory Compliance,04,Adjacent Property Environmental File Review & Plume Assessment,Investigation,Not started,,Review the environmental history of every property surrounding this one — the junkyards above all — and determine where contamination could be coming from.,,ENV-02,TBD,no,Proposal to be issued,Lump sum — fixed fee proposal,APAS self-performed,Fixed-fee professional services. Agency file review fees and database search costs passed through at cost.,APAS · Environmental consultant,Miami-Dade DERM Chapter 24 · FDEP Chapter 62-780 F.A.C. · owner due diligence,"Identify every adjacent and nearby property on all four sides and establish its current and historical use. | Focus the review on the junkyard and salvage operations, which are the most probable sources. | Search the regulatory databases: DERM, FDEP and EPA records — RCRA, CERCLIS, petroleum storage, dry cleaning and industrial waste files. | Retrieve and review enforcement history, contamination assessment reports and remediation records for each source property. | Review historical aerials, Sanborn maps and city directories to reconstruct site use over time. | Establish the contaminants of concern based on documented use and documented releases. | Determine the groundwater gradient and flow direction across the property from regional and site data. | Model probable plume vectors: which boundaries are downgradient of which sources, and where migration onto Glorieta Gardens would first appear.",Adjacent property environmental history report | Contaminants of concern list with the documented basis for each | Groundwater flow direction and gradient determination | Plume vector analysis with probable migration pathways | Monitoring well siting recommendation and analytical parameter list
ENV-02,ENV,Environmental Services & Regulatory Compliance,04,Boundary Monitoring Well Network — Design & Installation,Design · Permit · Construct,Not started,,"Install a monitoring well network on the property boundaries, positioned by the plume analysis.",ENV-01,ENV-03,TBD,no,Proposal to be issued,Subcontracted at cost plus 10% overhead and 10% profit; APAS administers,APAS-managed · specialty subcontract,Drilling and installation subcontract procured and administered by APAS. Well count and depth set by the plume analysis and confirmed in the proposal.,APAS · Environmental consultant · Licensed well contractor,Miami-Dade DERM Chapter 24 monitoring well permit · FDEP Chapter 62-780 F.A.C.,"Finalise well count, locations and screen intervals from the plume vector analysis, with upgradient wells for background and downgradient wells for detection. | Design each well to DERM standards: construction, screen interval, filter pack, seal and surface completion. | Locate wells for permanent access and protection from vehicles and site operations. | Coordinate placement with the irrigation well siting so the two programs do not interfere. | Permit through Miami-Dade DERM. | Drill, install, develop and survey each well; establish measuring point elevations to NAVD 88. | Conduct the initial round of groundwater elevation measurements and confirm the actual flow direction against the predicted gradient. | Build the well network register into ProjOS with location, construction detail and sampling history.","Monitoring well network design and siting plan | DERM well permits | Installed, developed and surveyed wells with completion logs | Measuring point elevations tied to NAVD 88 | Confirmed groundwater flow direction from measured elevations | Well network register in ProjOS"
ENV-03,ENV,Environmental Services & Regulatory Compliance,04,Groundwater Sampling & Plume Behaviour Analysis,Monitoring · Analysis,Not started,,Sample the wells on a defined schedule and determine whether contamination is migrating onto the property.,ENV-02,ENV-04,TBD,no,Proposal to be issued,Lump sum professional services + subcontracted work at cost plus 10% overhead and 10% profit,Hybrid — APAS professional services + subcontract,"Sampling, interpretation and reporting on a fixed fee per round; laboratory analysis procured and administered by APAS. Frequency set by the baseline result and proposed annually.",APAS · Environmental consultant · Certified laboratory,Miami-Dade DERM · FDEP Chapter 62-780 F.A.C. groundwater cleanup target levels,"Prepare a sampling and analysis plan with the parameter list from the file review and DERM-acceptable methods. | Conduct the baseline sampling round across the full network, with proper purging, field parameters and chain of custody. | Laboratory analysis at a Florida-certified laboratory with full quality assurance and quality control. | Conduct recurring rounds on the established frequency, with synoptic water level measurements each round. | Evaluate the results against DERM and FDEP groundwater cleanup target levels. | Analyse plume behaviour across rounds: presence, source attribution, concentration gradient and trend direction. | Determine whether contamination is migrating onto Glorieta Gardens and whether any property component has been impacted. | Maintain the full analytical record and trend dashboard in ProjOS.",Sampling and analysis plan | Baseline groundwater quality report | Recurring round reports with laboratory data packages | Plume behaviour and trend analysis | Comparison against groundwater cleanup target levels | Determination of off-site contaminant migration and property impact | Analytical record and trend dashboard in ProjOS
ENV-04,ENV,Environmental Services & Regulatory Compliance,04,Environmental Findings Report & Regulatory Strategy,Analysis · Strategy,Not started,,"Convert the monitoring data into a decision: what the owner does next, and how it is presented to the City and to DERM.",ENV-03,,TBD,no,Proposal to be issued,Lump sum — fixed fee proposal,APAS self-performed,Fixed-fee professional services. Any assessment or remediation that follows is separately scoped and proposed.,APAS · Environmental consultant · Owner's counsel,Miami-Dade DERM Chapter 24 · FDEP Chapter 62-780 F.A.C. · owner liability position,"Consolidate the file review, plume analysis, well installation and all sampling results into a single findings report. | State the conclusion on off-site contaminant migration, with the evidentiary basis for it. | Assess impacts, if any, on property components — soil, groundwater, utilities and structures. | Evaluate the regulatory implications and the owner's obligations and protections under Chapter 24 and Chapter 62-780. | Where a source is identified off-site, document the attribution to support the owner's position on responsibility. | Recommend the course of action: no further action, continued monitoring, formal notification, or assessment and remediation. | Develop the engagement strategy for the City of Opa-Locka and Miami-Dade DERM, including timing, framing and supporting documentation. | Prepare the submittal package for whichever pathway is selected.",Environmental findings report with stated conclusions | Property impact assessment | Source attribution documentation | Recommended course of action with alternatives evaluated | Regulatory engagement strategy for the City and DERM | Submittal package for the selected pathway
ENV-05,ENV,Environmental Services & Regulatory Compliance,04,Consent Order Close-Out,Compliance,Active obligation,,Drive every enumerated corrective action to documented completion and secure written termination of the Consent Order.,,,TBD,no,Proposal to be issued,Monthly professional services,APAS self-performed,Monthly professional services under an annual authorisation. Corrective action work itself sits in the technical buckets and is proposed separately.,APAS · Owner's counsel · Regulators,Consent Order enumerated corrective actions · FDEP · Miami-Dade DERM · NPDES MS4,"Build the master compliance matrix: every enumerated corrective action, its requirement, its status, the evidence of completion and the responsible party. | Map each corrective action to the program projects that satisfy it, so completion is traceable rather than asserted. | Assemble the evidence file for every action: drawings, certifications, test results, permits, photographs and correspondence. | Prepare and submit the periodic progress reports on the required cadence, and bring any missed reporting current. | Manage regulator correspondence, inspections and requests for information. | Identify and resolve every remaining gap between current status and full compliance. | Prepare and submit the close-out request with the complete evidence package. | Pursue written termination of the Consent Order and retain the release in the permanent record.","Master compliance matrix mapped to program projects | Complete evidence file for every corrective action | Periodic progress reports, current | Gap resolution plan | Close-out submittal package | Written Consent Order termination"
ENV-06,ENV,Environmental Services & Regulatory Compliance,04,Ongoing Regulatory Compliance Services,Recurring Services,Active,,"Keep water, sewer and stormwater operating in conformance with their permits — local, county and state — without gaps.",,,TBD,no,Proposal to be issued,Monthly professional services,APAS self-performed,"Monthly professional services under an annual authorisation, scaling with the number of active permits and the reporting cadence.",APAS,NPDES MS4 · FDEP · Miami-Dade DERM Chapter 24 · SFWMD ERP · City of Opa-Locka · Safe Drinking Water Act,"Maintain the master permit and obligation register across the City of Opa-Locka, Miami-Dade DERM and RER, SFWMD and FDEP. | Maintain the reporting calendar with lead-time alerts and a named responsible party on every submittal. | Prepare and submit all periodic regulatory reports across water, sewer and stormwater. | Manage permit renewals, modifications and condition compliance. | Manage annual certifications, including backflow device testing. | Serve as the point of contact for regulator inspections, inquiries and enforcement correspondence. | Monitor regulatory change at local and state level and assess its impact on the property. | Maintain flood-event readiness: pre-storm procedures, event response and post-event documentation and reporting. | Maintain the complete compliance evidence record in ProjOS, audit-ready at any time.","Master permit and obligation register | Reporting calendar with named responsibility and lead-time alerts | All periodic regulatory submittals, filed on time | Permit renewals and annual certifications maintained | Regulator correspondence file | Flood-event readiness and response documentation | Audit-ready compliance record in ProjOS"
PMO-01,PMO,Program Management & ProjOS,05,Program & Project Management Services,Recurring Services,Active,,Day-to-day management of the crews on site and program-level control across all four buckets.,,,TBD,no,Proposal to be issued,Monthly professional services,APAS self-performed,"Monthly professional services under an annual authorisation, scaling with the number of projects in active execution.",APAS,Prime Contract PC-01 · owner governance,"Day-to-day management of on-site crews and contractors: coordination, sequencing, quality and safety oversight. | Program-level scope control across all buckets, with interface management where projects touch. | Integrated master schedule with the cross-bucket dependency map maintained live. | Procurement and administration of all specialty subcontracts. | Change management, and change order review and negotiation. | Pay application review, verification against installed work, and lien waiver control. | Contract administration, including warranty tracking and retainage management. | Permit tracking and agency coordination across the City, DERM, RER, SFWMD and FDEP. | Owner reporting on a defined cadence: status, risk and schedule performance. | Risk register maintained with mitigation owners and dates.","Integrated master schedule, maintained live | Monthly owner report: status, risk and schedule performance | Change management log with full substantiation | Reviewed and certified pay applications | Risk register with mitigation owners | Permit and agency coordination record"
PMO-02,PMO,Program Management & ProjOS,05,ProjOS Program Operating Record,Systems · Recurring,To be demonstrated,,Every project in this program instantiated in ProjOS — one operating record the owner can open at any time.,,,TBD,no,Proposal to be issued,Monthly professional services,APAS self-performed,"Fixed-fee setup, then monthly administration and hosting under an annual authorisation.",APAS,Owner governance · Consent Order evidence requirements · audit readiness,"Instantiate all program projects in ProjOS with scope, deliverables, dependencies and approval status. | Configure the five program buckets with roll-up reporting to a program-level dashboard. | Connect live data: the sewer flow meter, groundwater monitoring results and stormwater performance monitoring. | Build the compliance engine: permit register, reporting calendar, automated alerts and evidence capture. | Establish the document control system, with every drawing, permit, certification and report attached to its project. | Track every project proposal from issue through approval to completion, so the authorisation record is never in doubt. | Configure owner-facing dashboards for status, schedule and risk. | Build the operations layer for the stormwater, sewer and water operations plans, with scheduled tasks and completion evidence. | Demonstrate the system live to R4 and configure access.",All program projects live in ProjOS | Program dashboard with bucket roll-up | Live data integrations | Compliance engine with automated alerts and evidence capture | Document control system | Proposal and approval tracking | Owner-facing dashboards and access | Live demonstration to R4
